<?xml version='1.0' encoding='UTF-8'?>
<?artifactRepository version='1.1.0'?>
<repository name='Bundle pool' type='org.eclipse.equinox.p2.artifact.repository.simpleRepository' version='1'>
  <properties size='2'>
    <property name='p2.system' value='true'/>
    <property name='p2.timestamp' value='1344871343081'/>
  </properties>
  <mappings size='3'>
    <rule filter='(&amp; (classifier=osgi.bundle))' output='${repoUrl}/plugins/${id}_${version}.jar'/>
    <rule filter='(&amp; (classifier=binary))' output='${repoUrl}/binary/${id}_${version}'/>
    <rule filter='(&amp; (classifier=org.eclipse.update.feature))' output='${repoUrl}/features/${id}_${version}.jar'/>
  </mappings>
  <artifacts size='67'>
    <artifact classifier='osgi.bundle' id='org.eclipse.e4.ui.bindings' version='0.10.1.v20120523-1955'>
      <properties size='1'>
        <property name='download.size' value='47842'/>
      </properties>
    </artifact>
    <artifact classifier='osgi.bundle' id='org.eclipse.e4.ui.services' version='0.10.1.v20120523-1955'>
      <properties size='1'>
        <property name='download.size' value='22748'/>
      </properties>
    </artifact>
    <artifact classifier='osgi.bundle' id='org.eclipse.equinox.common' version='3.6.100.v20120522-1841'>
      <properties size='1'>
        <property name='download.size' value='106768'/>
      </properties>
    </artifact>
    <artifact classifier='osgi.bundle' id='org.eclipse.core.runtime' version='3.8.0.v20120521-2346'>
      <properties size='1'>
        <property name='download.size' value='75324'/>
      </properties>
    </artifact>
    <artifact classifier='osgi.bundle' id='org.eclipse.equinox.app' version='1.3.100.v20120522-1841'>
      <properties size='1'>
        <property name='download.size' value='86389'/>
      </properties>
    </artifact>
    <artifact classifier='osgi.bundle' id='org.eclipse.core.databinding.beans' version='1.2.200.v20120523-1955'>
      <properties size='1'>
        <property name='download.size' value='76652'/>
      </properties>
    </artifact>
    <artifact classifier='osgi.bundle' id='org.apache.felix.gogo.shell' version='0.8.0.v201110170705'>
      <properties size='1'>
        <property name='download.size' value='59614'/>
      </properties>
    </artifact>
    <artifact classifier='osgi.bundle' id='com.ibm.icu' version='4.4.2.v20110823'>
      <properties size='1'>
        <property name='download.size' value='6701203'/>
      </properties>
    </artifact>
    <artifact classifier='osgi.bundle' id='org.eclipse.osgi' version='3.8.0.v20120529-1548'>
      <properties size='1'>
        <property name='download.size' value='1396175'/>
      </properties>
    </artifact>
    <artifact classifier='osgi.bundle' id='org.eclipse.osgi.services' version='3.3.100.v20120522-1822'>
      <properties size='1'>
        <property name='download.size' value='83086'/>
      </properties>
    </artifact>
    <artifact classifier='osgi.bundle' id='org.eclipse.equinox.simpleconfigurator' version='1.0.300.v20110815-1744'>
      <properties size='1'>
        <property name='download.size' value='39451'/>
      </properties>
    </artifact>
    <artifact classifier='osgi.bundle' id='org.eclipse.core.databinding.observable' version='1.4.1.v20120521-2329'>
      <properties size='1'>
        <property name='download.size' value='297402'/>
      </properties>
    </artifact>
    <artifact classifier='osgi.bundle' id='org.eclipse.emf.ecore.change' version='2.8.0.v20120606-0717'>
      <properties size='1'>
        <property name='download.size' value='83069'/>
      </properties>
    </artifact>
    <artifact classifier='osgi.bundle' id='org.apache.felix.gogo.runtime' version='0.8.0.v201108120515'>
      <properties size='1'>
        <property name='download.size' value='78791'/>
      </properties>
    </artifact>
    <artifact classifier='osgi.bundle' id='org.eclipse.swt' version='3.100.0.v4233d'>
      <properties size='1'>
        <property name='download.size' value='18542'/>
      </properties>
    </artifact>
    <artifact classifier='osgi.bundle' id='org.eclipse.equinox.launcher' version='1.3.0.v20120522-1813'>
      <properties size='1'>
        <property name='download.size' value='49278'/>
      </properties>
    </artifact>
    <artifact classifier='osgi.bundle' id='javax.xml' version='1.3.4.v201005080400'>
      <properties size='1'>
        <property name='download.size' value='237996'/>
      </properties>
    </artifact>
    <artifact classifier='osgi.bundle' id='org.apache.felix.gogo.command' version='0.8.0.v201108120515'>
      <properties size='1'>
        <property name='download.size' value='56376'/>
      </properties>
    </artifact>
    <artifact classifier='osgi.bundle' id='org.eclipse.e4.core.contexts' version='1.1.0.v20120523-2004'>
      <properties size='1'>
        <property name='download.size' value='43986'/>
      </properties>
    </artifact>
    <artifact classifier='osgi.bundle' id='org.eclipse.e4.ui.workbench.renderers.swt' version='0.10.1.v20120523-1955'>
      <properties size='1'>
        <property name='download.size' value='323455'/>
      </properties>
    </artifact>
    <artifact classifier='osgi.bundle' id='org.w3c.dom.smil' version='1.0.0.v200806040011'>
      <properties size='1'>
        <property name='download.size' value='15995'/>
      </properties>
    </artifact>
    <artifact classifier='osgi.bundle' id='org.eclipse.core.contenttype' version='3.4.200.v20120523-2004'>
      <properties size='1'>
        <property name='download.size' value='93173'/>
      </properties>
    </artifact>
    <artifact classifier='osgi.bundle' id='org.eclipse.e4.ui.workbench' version='0.10.2.v20120531-1742'>
      <properties size='1'>
        <property name='download.size' value='227171'/>
      </properties>
    </artifact>
    <artifact classifier='osgi.bundle' id='org.eclipse.core.expressions' version='3.4.400.v20120523-2004'>
      <properties size='1'>
        <property name='download.size' value='88230'/>
      </properties>
    </artifact>
    <artifact classifier='osgi.bundle' id='org.eclipse.equinox.preferences' version='3.5.0.v20120522-1841'>
      <properties size='1'>
        <property name='download.size' value='126768'/>
      </properties>
    </artifact>
    <artifact classifier='osgi.bundle' id='org.eclipse.swt.gtk.linux.x86_64' version='3.100.0.v4233d'>
      <properties size='1'>
        <property name='download.size' value='2570464'/>
      </properties>
    </artifact>
    <artifact classifier='osgi.bundle' id='org.eclipse.equinox.ds' version='1.4.0.v20120522-1841'>
      <properties size='1'>
        <property name='download.size' value='194031'/>
      </properties>
    </artifact>
    <artifact classifier='osgi.bundle' id='org.eclipse.equinox.util' version='1.0.400.v20120522-2049'>
      <properties size='1'>
        <property name='download.size' value='78018'/>
      </properties>
    </artifact>
    <artifact classifier='org.eclipse.update.feature' id='org.eclipse.emf.ecore' version='2.8.0.v20120606-0717'>
      <properties size='1'>
        <property name='download.size' value='18405'/>
      </properties>
      <repositoryProperties size='1'>
        <property name='artifact.folder' value='true'/>
      </repositoryProperties>
    </artifact>
    <artifact classifier='osgi.bundle' id='org.eclipse.emf.ecore.xmi' version='2.8.0.v20120606-0717'>
      <properties size='1'>
        <property name='download.size' value='222829'/>
      </properties>
    </artifact>
    <artifact classifier='osgi.bundle' id='javax.inject' version='1.0.0.v20091030'>
      <properties size='1'>
        <property name='download.size' value='12288'/>
      </properties>
    </artifact>
    <artifact classifier='osgi.bundle' id='org.eclipse.e4.ui.css.core' version='0.10.1.v20120523-1955'>
      <properties size='1'>
        <property name='download.size' value='199483'/>
      </properties>
    </artifact>
    <artifact classifier='osgi.bundle' id='org.eclipse.equinox.bidi' version='0.9.0.v20120522-1841'>
      <properties size='1'>
        <property name='download.size' value='49547'/>
      </properties>
    </artifact>
    <artifact classifier='osgi.bundle' id='org.eclipse.core.jobs' version='3.5.200.v20120521-2346'>
      <properties size='1'>
        <property name='download.size' value='92326'/>
      </properties>
    </artifact>
    <artifact classifier='osgi.bundle' id='org.eclipse.e4.ui.widgets' version='0.12.0.v20120523-1955'>
      <properties size='1'>
        <property name='download.size' value='13747'/>
      </properties>
    </artifact>
    <artifact classifier='osgi.bundle' id='org.eclipse.core.databinding.property' version='1.4.100.v20120523-1955'>
      <properties size='1'>
        <property name='download.size' value='169203'/>
      </properties>
    </artifact>
    <artifact classifier='osgi.bundle' id='org.apache.batik.util.gui' version='1.6.0.v201011041432'>
      <properties size='1'>
        <property name='download.size' value='164253'/>
      </properties>
    </artifact>
    <artifact classifier='osgi.bundle' id='org.eclipse.equinox.launcher.gtk.linux.x86_64' version='1.1.200.v20120522-1813'>
      <properties size='1'>
        <property name='download.size' value='79584'/>
      </properties>
      <repositoryProperties size='1'>
        <property name='artifact.folder' value='true'/>
      </repositoryProperties>
    </artifact>
    <artifact classifier='osgi.bundle' id='org.eclipse.e4.ui.workbench.addons.swt' version='0.10.1.v20120523-1955'>
      <properties size='1'>
        <property name='download.size' value='125356'/>
      </properties>
    </artifact>
    <artifact classifier='osgi.bundle' id='org.eclipse.e4.ui.workbench3' version='0.12.0.v20120521-2329'>
      <properties size='1'>
        <property name='download.size' value='10068'/>
      </properties>
    </artifact>
    <artifact classifier='org.eclipse.update.feature' id='org.eclipse.emf.common' version='2.8.0.v20120606-0717'>
      <properties size='1'>
        <property name='download.size' value='18369'/>
      </properties>
      <repositoryProperties size='1'>
        <property name='artifact.folder' value='true'/>
      </repositoryProperties>
    </artifact>
    <artifact classifier='osgi.bundle' id='org.eclipse.equinox.event' version='1.2.200.v20120522-2049'>
      <properties size='1'>
        <property name='download.size' value='33744'/>
      </properties>
    </artifact>
    <artifact classifier='osgi.bundle' id='org.eclipse.e4.ui.css.swt' version='0.10.1.v20120523-1955'>
      <properties size='1'>
        <property name='download.size' value='150745'/>
      </properties>
    </artifact>
    <artifact classifier='osgi.bundle' id='org.eclipse.e4.core.di' version='1.1.0.v20120521-2346'>
      <properties size='1'>
        <property name='download.size' value='50275'/>
      </properties>
    </artifact>
    <artifact classifier='osgi.bundle' id='org.apache.batik.css' version='1.6.0.v201011041432'>
      <properties size='1'>
        <property name='download.size' value='265409'/>
      </properties>
    </artifact>
    <artifact classifier='org.eclipse.update.feature' id='org.eclipse.e4.rcp' version='1.1.0.v20120521-2329-8yFTIGF3GGduEYqkQB9M3DKn'>
      <properties size='1'>
        <property name='download.size' value='31913'/>
      </properties>
      <repositoryProperties size='1'>
        <property name='artifact.folder' value='true'/>
      </repositoryProperties>
    </artifact>
    <artifact classifier='osgi.bundle' id='org.eclipse.emf.ecore' version='2.8.0.v20120606-0717'>
      <properties size='1'>
        <property name='download.size' value='1126124'/>
      </properties>
    </artifact>
    <artifact classifier='osgi.bundle' id='org.eclipse.e4.ui.model.workbench' version='0.10.1.v20120523-1955'>
      <properties size='1'>
        <property name='download.size' value='354874'/>
      </properties>
    </artifact>
    <artifact classifier='org.eclipse.update.feature' id='de.vogella.tycho.rcp.feature' version='1.0.0.201208131522'>
      <properties size='1'>
        <property name='download.size' value='1918'/>
      </properties>
      <repositoryProperties size='1'>
        <property name='artifact.folder' value='true'/>
      </repositoryProperties>
    </artifact>
    <artifact classifier='osgi.bundle' id='org.eclipse.jface.databinding' version='1.6.0.v20120521-2329'>
      <properties size='1'>
        <property name='download.size' value='278370'/>
      </properties>
    </artifact>
    <artifact classifier='osgi.bundle' id='org.eclipse.e4.ui.di' version='0.10.1.v20120523-1955'>
      <properties size='1'>
        <property name='download.size' value='14581'/>
      </properties>
    </artifact>
    <artifact classifier='osgi.bundle' id='org.eclipse.jface' version='3.8.0.v20120521-2329'>
      <properties size='1'>
        <property name='download.size' value='1090091'/>
      </properties>
    </artifact>
    <artifact classifier='osgi.bundle' id='org.apache.batik.util' version='1.6.0.v201011041432'>
      <properties size='1'>
        <property name='download.size' value='101159'/>
      </properties>
    </artifact>
    <artifact classifier='osgi.bundle' id='org.eclipse.e4.ui.css.swt.theme' version='0.9.2.v20120523-1955'>
      <properties size='1'>
        <property name='download.size' value='24343'/>
      </properties>
    </artifact>
    <artifact classifier='osgi.bundle' id='org.eclipse.e4.core.commands' version='0.10.1.v20120523-1955'>
      <properties size='1'>
        <property name='download.size' value='18235'/>
      </properties>
    </artifact>
    <artifact classifier='osgi.bundle' id='org.w3c.dom.svg' version='1.1.0.v201011041433'>
      <properties size='1'>
        <property name='download.size' value='87897'/>
      </properties>
    </artifact>
    <artifact classifier='osgi.bundle' id='org.eclipse.e4.core.di.extensions' version='0.11.0.v20120523-2004'>
      <properties size='1'>
        <property name='download.size' value='23468'/>
      </properties>
    </artifact>
    <artifact classifier='osgi.bundle' id='org.eclipse.e4.ui.workbench.swt' version='0.10.1.v20120525-2014'>
      <properties size='1'>
        <property name='download.size' value='169244'/>
      </properties>
    </artifact>
    <artifact classifier='osgi.bundle' id='org.eclipse.core.databinding' version='1.4.1.v20120521-2329'>
      <properties size='1'>
        <property name='download.size' value='202243'/>
      </properties>
    </artifact>
    <artifact classifier='osgi.bundle' id='org.eclipse.emf.common' version='2.8.0.v20120606-0717'>
      <properties size='1'>
        <property name='download.size' value='214216'/>
      </properties>
    </artifact>
    <artifact classifier='osgi.bundle' id='org.eclipse.equinox.registry' version='3.5.200.v20120522-1841'>
      <properties size='1'>
        <property name='download.size' value='184236'/>
      </properties>
    </artifact>
    <artifact classifier='osgi.bundle' id='de.vogella.tycho.rcp.application' version='1.0.0.201208131522'>
      <properties size='1'>
        <property name='download.size' value='8981'/>
      </properties>
    </artifact>
    <artifact classifier='osgi.bundle' id='org.eclipse.equinox.console' version='1.0.0.v20120522-1841'>
      <properties size='1'>
        <property name='download.size' value='111187'/>
      </properties>
    </artifact>
    <artifact classifier='osgi.bundle' id='org.eclipse.e4.core.services' version='1.0.0.v20120521-2346'>
      <properties size='1'>
        <property name='download.size' value='32028'/>
      </properties>
    </artifact>
    <artifact classifier='osgi.bundle' id='org.w3c.css.sac' version='1.3.1.v200903091627'>
      <properties size='1'>
        <property name='download.size' value='32952'/>
      </properties>
    </artifact>
    <artifact classifier='osgi.bundle' id='org.eclipse.core.commands' version='3.6.1.v20120521-2329'>
      <properties size='1'>
        <property name='download.size' value='108729'/>
      </properties>
    </artifact>
    <artifact classifier='osgi.bundle' id='javax.annotation' version='1.0.0.v20101115-0725'>
      <properties size='1'>
        <property name='download.size' value='17480'/>
      </properties>
    </artifact>
  </artifacts>
</repository>
